index;num_filt;den_filt
1;0.002070239;1
2;0.018632148;-1.089295088
3;0.074528591;1.692509809
4;0.173900045;-1.080412075
5;0.260850067;0.732861111
6;0.260850067;-0.272223952
7;0.173900045;0.091649854
8;0.074528591;-0.01738321
9;0.018632148;0.002387807
10;0.002070239;-0.000132077
