index;num_filt;den_filt
1;5.90E-09;1
2;7.08E-08;-8.391179367
3;3.89E-07;32.67995739
4;1.30E-06;-78.01549514
5;2.92E-06;127.0213683
6;4.67E-06;-148.4709663
7;5.45E-06;127.6605493
8;4.67E-06;-81.30852563
9;2.92E-06;38.05114446
10;1.30E-06;-12.75431784
11;3.89E-07;2.905283076
12;7.08E-08;-0.403654776
13;5.90E-09;0.025860684
